disease,remedy,preparation,usage
Abdominal aortic aneurysm,Arjuna (Terminalia arjuna),Boil 1 tsp Arjuna bark powder in 1 cup water. Strain and let cool.,Drink twice daily to strengthen blood vessels.
Achilles tendinopathy,Castor Oil,Warm a small amount of castor oil.,Massage gently onto the Achilles tendon area. Repeat twice daily.
Acne,Neem (Azadirachta indica),Crush fresh neem leaves into a paste. Add turmeric powder and mix well.,"Apply to the affected area. Leave for 20 minutes, then wash with lukewarm water."
Acute cholecystitis,Turmeric (Curcuma longa),Mix 1 tsp turmeric powder in warm water or milk.,Drink once daily to reduce gallbladder inflammation.
Acute lymphoblastic leukaemia,Giloy (Tinospora cordifolia),Boil 2–3 inches of Giloy stem in water for 10 minutes. Strain the decoction.,Drink once daily to boost immunity and reduce inflammation.
Acute lymphoblastic leukaemia: Children,Wheatgrass Juice,Extract fresh wheatgrass juice (about 30 ml).,Give once daily on an empty stomach to enhance immunity.
Acute lymphoblastic leukaemia: Teenagers and young adults,Amla (Phyllanthus emblica),Mix 1 tsp Amla powder in water or consume fresh Amla juice.,Consume once daily to increase antioxidant levels.
Acute myeloid leukaemia,Ashwagandha (Withania somnifera),Prepare Ashwagandha tea by boiling 1 tsp powder in water. Add honey if needed.,Drink once daily to support stress management and immunity.
Acute myeloid leukaemia: Children,Tulsi (Holy Basil),Crush 5–6 Tulsi leaves and boil in water. Add honey for taste.,Serve once daily to boost immunity and overall health.
Acute myeloid leukaemia: Teenagers and young adults,Aloe Vera,Extract fresh Aloe Vera gel. Mix with water or consume directly.,Take 1 tbsp daily to support detoxification and immunity.
Acute pancreatitis,Bitter Gourd (Momordica charantia),Blend fresh bitter gourd into juice or boil slices in water to make a tea.,Drink the juice or tea once daily to support pancreatic function.
Addison’s disease,Ashwagandha (Withania somnifera),Prepare Ashwagandha tea by boiling 1 tsp powder in water. Add honey for taste.,Drink twice daily to support adrenal health and manage stress.
Adenomyosis,Aloe Vera and Turmeric,Mix 1 tbsp Aloe Vera gel with 1/2 tsp turmeric powder in warm water.,Drink daily to reduce inflammation and manage pain.
Alcohol-related liver disease,Kalmegh (Andrographis paniculata),Boil 1 tsp Kalmegh powder in water for 5 minutes and strain.,Drink twice daily to detoxify the liver and improve its function.
Allergic rhinitis,Mulethi (Licorice root),Boil 1 tsp Mulethi powder in water. Add honey and lemon for taste.,Drink once daily to reduce nasal inflammation and allergies.
Allergies,Turmeric and Honey,Mix 1/2 tsp turmeric powder with 1 tsp honey.,Consume twice daily to boost immunity and reduce allergic reactions.
Alzheimer’s disease,Brahmi (Bacopa monnieri),Prepare Brahmi tea by boiling 1 tsp dried Brahmi leaves in water.,Drink once daily to enhance memory and cognitive function.
Anal cancer,Aloe Vera,Mix 2 tbsp Aloe Vera gel in water or consume directly.,Take daily to support overall health and reduce inflammation.
Anaphylaxis,Tulsi (Holy Basil),Boil 5–6 Tulsi leaves in water. Add honey for taste.,Consume as a calming tea for post-reaction recovery (not a substitute for immediate medical care).
Angina,Arjuna (Terminalia arjuna),Boil 1 tsp Arjuna bark powder in water. Strain and let cool.,Drink twice daily to support heart health.
Angioedema,Neem and Turmeric Paste,Crush fresh neem leaves and mix with turmeric powder to make a paste.,Apply to the affected skin area to reduce swelling and irritation.
Ankle sprain,Mustard Oil and Turmeric,Warm mustard oil and mix with 1/2 tsp turmeric powder.,Massage gently onto the sprained area for pain relief and faster healing.
Ankle avulsion fracture,Sandalwood Paste,Mix sandalwood powder with water to form a paste.,Apply to the swollen area for cooling and inflammation relief.
Ankylosing spondylitis,Castor Oil,Warm castor oil slightly and apply to affected joints.,Massage gently before bedtime to reduce stiffness and pain.
Anorexia nervosa,Ginger and Lemon,Grate a small piece of ginger and mix with lemon juice and a pinch of rock salt.,Consume before meals to stimulate appetite.
Anxiety,Brahmi and Ashwagandha,Prepare tea with 1/2 tsp each of Brahmi and Ashwagandha powder.,Drink once daily to calm the mind and manage anxiety.
Anxiety disorders in children,Tulsi and Honey,Crush 5 Tulsi leaves and mix with 1 tsp honey.,Give to children once daily to reduce stress and calm their mind.
Appendicitis,Triphala (Three fruits blend),Mix 1 tsp Triphala powder in warm water.,Drink once daily to improve digestion and support inflammation reduction.
Arterial thrombosis,Garlic (Allium sativum),Crush 1–2 garlic cloves and consume raw or mix with honey.,Consume daily to improve blood circulation and reduce clot formation.
Arthritis,Turmeric and Ginger Tea,Boil 1 tsp turmeric powder and 1-inch ginger in water. Strain and add honey.,Drink twice daily to reduce inflammation and joint pain.
Asbestosis,Tulsi (Holy Basil),Prepare Tulsi tea by boiling 5–6 leaves in water.,Drink once daily to support respiratory health.
Asthma,Vasaka (Adhatoda vasica),Prepare a decoction with 1 tsp dried Vasaka leaves boiled in water.,Drink twice daily to improve breathing and reduce symptoms.
Ataxia,Brahmi (Bacopa monnieri),Boil 1 tsp Brahmi powder in water or consume as a capsule.,Take daily to enhance nervous system function and coordination.
Atopic eczema,Neem and Coconut Oil,Mix neem leaf paste with coconut oil.,Apply to affected areas twice daily to reduce itching and inflammation.
Atrial fibrillation,Arjuna (Terminalia arjuna),Boil 1 tsp Arjuna bark powder in water. Strain and let cool.,Drink twice daily to support heart health and regulate heartbeat.
Attention deficit hyperactivity disorder (ADHD),Brahmi and Shankhpushpi,Mix equal parts of Brahmi and Shankhpushpi powders in milk. Add honey for taste.,Give once daily to improve focus and reduce hyperactivity in children.
Autism,Ashwagandha and Brahmi,Boil 1/2 tsp Ashwagandha and 1/2 tsp Brahmi powder in milk or water.,Consume once daily to support brain function and calmness.
Bacterial vaginosis,Neem and Yogurt,Crush neem leaves to make a paste. Mix with plain yogurt.,Apply externally to the affected area for antibacterial effects.
Benign prostate enlargement,Gokshura (Tribulus terrestris),Prepare a tea with 1 tsp Gokshura powder in hot water.,Drink once daily to improve urinary flow and prostate health.
Bile duct cancer (cholangiocarcinoma),Kalmegh (Andrographis paniculata),Boil 1 tsp Kalmegh powder in water for 10 minutes.,Drink once daily to support liver function and immunity.
Binge eating,Triphala,Mix 1 tsp Triphala powder in warm water.,Drink before bedtime to improve digestion and reduce binge cravings.
Bipolar disorder,Brahmi (Bacopa monnieri),Boil 1 tsp Brahmi powder in water or consume as capsules.,Take daily to stabilize mood and enhance brain function.
Bladder cancer,Turmeric (Curcuma longa),Mix 1 tsp turmeric powder in warm milk or water.,Drink daily to reduce inflammation and fight free radicals.
Blood poisoning (sepsis),Neem (Azadirachta indica),Boil neem leaves in water and let cool.,Consume as a decoction daily to purify the blood.
Bone cancer,Ashwagandha (Withania somnifera),Prepare Ashwagandha tea by boiling 1 tsp powder in water. Add honey for taste.,Drink daily to reduce pain and support immunity.
Bone cancer: Teenagers and young adults,Wheatgrass Juice,Extract fresh wheatgrass juice (about 30 ml).,Consume daily on an empty stomach to detoxify the body.
Bowel cancer,Aloe Vera and Triphala,Mix 1 tsp Triphala powder with Aloe Vera juice.,Drink daily to improve digestion and support colon health.
Bowel incontinence,Isabgol (Psyllium husk),Mix 1 tbsp Isabgol in warm water or milk.,Consume once daily to regulate bowel movements.
Bowel polyps,Turmeric and Honey,Mix 1 tsp turmeric powder with 1 tsp honey.,Take daily to reduce inflammation and prevent growth of polyps.
Brain stem death,Ashwagandha (Withania somnifera),Prepare a tea with 1 tsp Ashwagandha powder in water.,Consume daily to support nervous system health.
Brain tumours,Brahmi (Bacopa monnieri),Prepare Brahmi tea by boiling 1 tsp dried leaves in water.,Drink once daily to support brain function and reduce oxidative stress.
Brain tumours: Children,Tulsi (Holy Basil),Crush 5–6 Tulsi leaves and boil in water. Add honey for taste.,Serve once daily to boost immunity and overall health.
Brain tumours: Teenagers and young adults,Amla (Phyllanthus emblica),Mix 1 tsp Amla powder in water or consume fresh Amla juice.,Take daily to increase antioxidant levels.
Breast cancer (female),Turmeric and Ginger Tea,Boil 1 tsp turmeric and 1 tsp grated ginger in water.,Drink once daily to reduce inflammation and improve immunity.
Breast cancer (male),Turmeric and Green Tea,Mix 1 tsp turmeric powder in green tea.,Drink daily to reduce inflammation and fight free radicals.
Bronchiectasis,Vasaka (Adhatoda vasica),Boil 1 tsp Vasaka powder in water to make a decoction.,Drink twice daily to support respiratory health.
Bronchitis,Tulsi and Ginger Tea,Boil 5–6 Tulsi leaves with grated ginger in water.,Drink twice daily to relieve respiratory inflammation.
Bulimia,Triphala and Honey,Mix 1 tsp Triphala powder with 1 tsp honey in warm water.,Consume before bedtime to improve digestion and reduce stress.
Bunion,Castor Oil,Warm castor oil and massage onto the affected area.,Apply daily to reduce inflammation and pain.
Carcinoid syndrome and carcinoid tumours,Turmeric and Wheatgrass,Mix 1 tsp turmeric powder in fresh wheatgrass juice.,Consume daily to detoxify the body and reduce inflammation.
Cardiovascular disease,Arjuna (Terminalia arjuna),Prepare a decoction with 1 tsp Arjuna bark powder in water.,Drink twice daily to support heart health.
Carpal tunnel syndrome,Aloe Vera and Turmeric Paste,Mix Aloe Vera gel with turmeric powder to form a paste.,Apply to the wrist area to reduce pain and inflammation.
Catarrh,Mulethi (Licorice root),Boil 1 tsp Mulethi powder in water. Add honey for taste.,Drink twice daily to relieve congestion.
Cellulitis,Neem and Turmeric Paste,Mix crushed neem leaves with turmeric powder to form a paste.,Apply to the affected skin to reduce infection and inflammation.
Cerebral palsy,Ashwagandha and Brahmi,Boil 1/2 tsp Ashwagandha and 1/2 tsp Brahmi powder in milk or water.,Consume daily to support brain and nervous system function.
Cervical cancer,Amla (Phyllanthus emblica),Mix 1 tsp Amla powder in water or consume fresh Amla juice.,Drink daily to boost immunity and antioxidant levels.
Cervical spondylosis,Castor Oil and Ginger,Warm castor oil and add grated ginger to it.,Massage the neck area to relieve pain and stiffness.
Chest and rib injury,Turmeric and Milk,Mix 1 tsp turmeric powder in warm milk.,Drink once daily to reduce pain and inflammation.
Chest infection,Vasaka (Adhatoda vasica),Prepare a decoction with 1 tsp Vasaka powder boiled in water.,Drink twice daily to relieve chest congestion.
Chickenpox,Neem and Turmeric Paste,Mix crushed neem leaves with turmeric powder and water to form a paste.,Apply to affected areas to reduce itching and promote healing.
Chilblains,Mustard Oil and Garlic,Warm mustard oil with crushed garlic cloves.,Massage onto the affected area to improve circulation and reduce discomfort.
Chlamydia,Neem and Aloe Vera,Consume 2 tbsp Aloe Vera juice and neem tea daily.,Helps fight bacterial infections and boosts immunity.
Chronic fatigue syndrome,Ashwagandha and Turmeric,Prepare tea with 1/2 tsp Ashwagandha and 1/2 tsp turmeric powder.,Drink once daily to reduce fatigue and improve energy levels.
Chronic kidney disease,Punarnava (Boerhavia diffusa),Boil 1 tsp Punarnava powder in water to make a decoction.,Drink twice daily to improve kidney function and reduce swelling.
Chronic lymphocytic leukaemia,Wheatgrass Juice,Extract fresh wheatgrass juice (about 30 ml).,Consume daily to detoxify the body and boost immunity.
Chronic myeloid leukaemia,Amla and Turmeric,Mix 1 tsp Amla powder and 1/2 tsp turmeric powder in water.,Drink daily to reduce oxidative stress and support immunity.
Chronic obstructive pulmonary disease (COPD),Vasaka and Ginger,Boil 1 tsp Vasaka powder and grated ginger in water.,Drink twice daily to improve lung function and reduce symptoms.
Chronic pain,Turmeric and Ginger Tea,Prepare tea with 1 tsp turmeric and 1 tsp grated ginger.,Drink twice daily to reduce inflammation and manage pain.
Chronic pancreatitis,Aloe Vera and Turmeric,Mix 1 tbsp Aloe Vera gel with 1/2 tsp turmeric powder in water.,Drink daily to reduce inflammation and support digestion.
Cirrhosis,Kalmegh (Andrographis paniculata),Boil 1 tsp Kalmegh powder in water for 10 minutes.,Drink once daily to detoxify the liver and improve its function.
Clostridium difficile,Ginger and Honey,Grate a small piece of ginger and mix with 1 tsp honey.,Consume twice daily to reduce digestive inflammation.
Coeliac disease,Turmeric and Aloe Vera,Mix 1 tsp turmeric powder with Aloe Vera juice.,Drink daily to reduce intestinal inflammation and improve digestion.
Cold sore,Licorice Root Paste,Mix Mulethi (licorice root) powder with water to form a paste.,Apply to the cold sore area for antiviral effects.
Coma,Brahmi and Ashwagandha,Boil 1/2 tsp each of Brahmi and Ashwagandha powder in water.,Administer under medical supervision for nervous system support.
Common cold,Tulsi and Ginger Tea,Boil 5–6 Tulsi leaves and 1 tsp grated ginger in water.,Drink twice daily to relieve symptoms and boost immunity.
Concussion,Brahmi and Ashwagandha,Prepare tea using 1/2 tsp each of Brahmi and Ashwagandha powder.,Drink daily to support brain recovery and reduce inflammation.
Congenital heart disease,Arjuna Bark,Boil 1 tsp Arjuna bark powder in water to make a decoction.,Drink twice daily to support heart health.
Conjunctivitis,Rose Water and Turmeric,Mix a pinch of turmeric in rose water.,Use as eye drops (1–2 drops twice daily) to reduce inflammation.
Constipation,Triphala,Soak 1 tsp Triphala powder in water overnight and drink in the morning.,Consume daily to promote bowel movements.
Coronary heart disease,Garlic and Honey,Crush 2 garlic cloves and mix with 1 tsp honey.,Consume daily to reduce cholesterol and improve heart function.
Coronavirus (COVID-19),Giloy (Tinospora cordifolia),Boil 1 tsp Giloy powder in water to make a decoction.,Drink twice daily to boost immunity and reduce inflammation.
Coronavirus (COVID-19): Longer-term effects (long COVID),Ashwagandha and Tulsi,Prepare tea with 1/2 tsp Ashwagandha powder and Tulsi leaves.,Drink once daily to improve stamina and reduce fatigue.
Costochondritis,Turmeric and Milk,Mix 1 tsp turmeric powder in warm milk.,Drink once daily to reduce inflammation and pain.
Cough,Mulethi (Licorice root),Boil 1 tsp Mulethi powder in water and add honey for taste.,Drink twice daily to soothe the throat and reduce coughing.
Crohn’s disease,Aloe Vera and Turmeric,Mix 1 tbsp Aloe Vera gel with 1/2 tsp turmeric powder in water.,Drink daily to reduce intestinal inflammation and improve digestion.
Croup,Tulsi and Ginger,Boil 5–6 Tulsi leaves and grated ginger in water.,Drink twice daily to relieve symptoms and support the respiratory system.
Cystic fibrosis,Ashwagandha and Vasaka,Prepare tea with 1/2 tsp each of Ashwagandha and Vasaka powder.,Drink daily to improve lung function and overall strength.
Cystitis,Cranberry and Turmeric,Mix cranberry juice with 1/2 tsp turmeric powder.,Drink twice daily to reduce bladder inflammation.
Deafblindness,Brahmi and Shankhpushpi,Prepare tea with 1/2 tsp each of Brahmi and Shankhpushpi powder.,Drink daily to support brain and sensory health.
Deep vein thrombosis,Ginger and Turmeric,Prepare tea with 1 tsp grated ginger and 1/2 tsp turmeric powder.,Drink twice daily to improve circulation and reduce clotting.
Degenerative cervical myelopathy,Ashwagandha and Turmeric,Mix 1 tsp Ashwagandha powder and 1/2 tsp turmeric powder in milk.,Drink daily to reduce inflammation and strengthen the spine.
Dehydration,Coconut Water and Amla,Mix fresh coconut water with 1 tsp Amla juice.,Drink twice daily to replenish electrolytes and boost hydration.
Delirium,Brahmi and Tulsi,Boil 1/2 tsp Brahmi powder with Tulsi leaves in water.,Drink daily to calm the mind and reduce symptoms.
Dementia,Ashwagandha and Brahmi,Prepare tea with 1/2 tsp Ashwagandha and Brahmi powder in water.,Drink daily to improve memory and cognitive function.
Dental abscess,Clove and Neem Oil,Mix clove oil and neem oil in equal parts.,Apply directly to the affected tooth area for pain relief and antibacterial effect.
Depression,Ashwagandha and Tulsi,Boil 1/2 tsp Ashwagandha powder and Tulsi leaves in water.,Drink daily to reduce stress and uplift mood.
Dermatitis herpetiformis,Neem and Turmeric Paste,Mix crushed neem leaves with turmeric powder and water to form a paste.,Apply to affected skin to reduce itching and promote healing.
Diabetes,Karela (Bitter gourd) Juice,Extract fresh juice from Karela and consume.,Drink daily on an empty stomach to regulate blood sugar levels.
Diabetic retinopathy,Amla and Turmeric,Mix 1 tsp Amla powder and 1/2 tsp turmeric powder in water.,Drink daily to improve eye health and reduce oxidative stress.
Diarrhoea,Bael fruit (Aegle marmelos),Make a pulp of the ripe bael fruit and mix it with warm water.,Drink 2-3 times daily until symptoms improve.
Discoid eczema,Neem leaves (Azadirachta indica),"Boil neem leaves in water, cool it, and use it as a wash for the affected area.",Apply daily until the skin improves.
Diverticular disease and diverticulitis,"Triphala powder (Haritaki, Bibhitaki, Amalaki)",Mix 1 teaspoon of Triphala powder with warm water.,Drink every night before bed for improved digestion.
Dizziness (Lightheadedness),Ginger (Zingiber officinale),Boil ginger slices in water to make tea.,Drink 2-3 times daily to reduce dizziness.
Down’s syndrome,Ashwagandha (Withania somnifera),Mix ashwagandha powder with milk or warm water.,Use as a supplement under guidance to improve general health.
Dry mouth,Licorice root (Glycyrrhiza glabra),Chew on licorice root or make a tea from it.,Sip throughout the day to stimulate saliva production.
Dysphagia (swallowing problems),Slippery elm bark,Make a paste by mixing slippery elm powder with water.,Consume small amounts before meals to ease swallowing.
Dystonia,Brahmi (Bacopa monnieri),Take Brahmi powder or capsules as directed.,Regular use may improve neurological health; consult an expert for dosage.
Earache,Garlic oil,"Heat crushed garlic in sesame oil, strain, and cool.",Use 2-3 drops in the affected ear for relief.
Earwax build-up,Coconut oil,Warm the oil slightly.,Use a few drops in the ear to soften wax; clean gently after a few hours.
Ebola virus disease,Tulsi (Ocimum sanctum),Make a tea by boiling tulsi leaves in water.,Drink daily to boost immunity; not a cure but supportive care.
Ectopic pregnancy,Ashoka Tree Bark (Saraca indica),Boil the bark in water to make a decoction.,Consult an Ayurvedic practitioner for proper dosage; supportive care only.
Edwards’ syndrome,Ashwagandha (Withania somnifera),Mix ashwagandha powder with milk or water.,Use as a supplement under medical supervision to improve general health.
Endometriosis,Turmeric (Curcuma longa),Mix turmeric powder with warm milk.,Drink daily to reduce inflammation and pain.
Epilepsy,Brahmi (Bacopa monnieri),Prepare a tea using Brahmi leaves.,Drink once daily to support neurological health.
Erectile dysfunction (impotence),Shilajit,Take Shilajit resin mixed with warm milk.,Consume as per guidance from an Ayurvedic expert to improve vitality.
Escherichia coli (E. coli) O157,Garlic (Allium sativum),Crush garlic and consume raw or mix it with warm water.,Take once daily to fight bacterial infections.
Ewing sarcoma,Guduchi (Tinospora cordifolia),Prepare a decoction by boiling Guduchi stem in water.,Drink daily to boost immunity; not a cure but supportive care.
Ewing sarcoma: Children, , , 
Eye cancer,Triphala,"Prepare Triphala water by soaking Triphala powder overnight, then strain.",Use as an eye wash daily to cleanse and soothe the eyes.
Eating disorders,Brahmi (Bacopa monnieri),Prepare a tea using Brahmi powder or leaves.,Drink once daily to support mental health and reduce stress.
Farting,Fennel seeds (Foeniculum vulgare),Boil fennel seeds in water to make a tea.,Drink after meals to reduce bloating and gas.
Febrile seizures,Tulsi (Ocimum sanctum),Make a tea by boiling Tulsi leaves in water.,Sip twice daily to boost immunity and reduce fever risk.
Feeling of something in your throat (Globus),Licorice root (Glycyrrhiza glabra),Prepare licorice tea by boiling the root in water.,Drink twice daily to soothe the throat.
Fever in adults,Coriander seeds (Coriandrum sativum),"Boil coriander seeds in water, strain, and add honey.",Drink 2-3 times daily to reduce fever.
Fever in children,Tulsi (Ocimum sanctum),Boil Tulsi leaves with water and add honey for taste.,Give small sips throughout the day to lower fever naturally.
Fibroids,Aloe vera,Mix Aloe vera gel with turmeric and honey.,Consume daily on an empty stomach to manage fibroids.
Fibromyalgia,Ashwagandha (Withania somnifera),Mix ashwagandha powder with warm milk or water.,Take once or twice daily to reduce pain and inflammation.
Flu,Ginger (Zingiber officinale),Make ginger tea by boiling slices in water; add honey and lemon.,Drink 2-3 times daily to ease flu symptoms.
Foetal alcohol syndrome,Brahmi (Bacopa monnieri),Prepare a tea using Brahmi powder or capsules.,Use under medical guidance to support cognitive and general health.
Food allergy,Neem (Azadirachta indica),Boil neem leaves in water to make a decoction.,Drink once daily to boost immunity and reduce allergic reactions.
Food poisoning,Ginger (Zingiber officinale),Mix ginger juice with honey and lemon.,Consume 2-3 times daily to reduce nausea and calm the stomach.
Fragility fracture of the hip,Moringa (Moringa oleifera),Consume Moringa leaf powder mixed with milk.,Drink once daily to support bone health and healing.
Frozen shoulder,Castor oil,Warm castor oil and massage the affected shoulder.,Apply daily to improve circulation and reduce stiffness.
Functional neurological disorder (FND),Brahmi (Bacopa monnieri),Make a tea with Brahmi leaves.,Drink daily to support neurological function and reduce stress.
Fungal nail infection,Turmeric (Curcuma longa),Make a paste with turmeric and water; apply to the affected nail.,Apply twice daily until the infection subsides.
Gallbladder cancer,Kalmegh (Andrographis paniculata),Prepare a decoction with Kalmegh leaves.,Drink daily as a supportive therapy; consult an Ayurvedic expert for dosage.
Gallstones,Dandelion root,Boil dandelion root in water to make a tea.,Drink twice daily to support liver and gallbladder health.
Ganglion cyst,Aloe vera,Apply fresh Aloe vera gel directly to the cyst.,Apply twice daily for relief and size reduction.
Gastroenteritis,Pomegranate peel,Boil pomegranate peel in water to make a tea.,Drink 2-3 times daily to soothe the stomach and prevent dehydration.
Gastro-oesophageal reflux disease (GORD),Licorice root (Glycyrrhiza glabra),Prepare licorice tea by boiling the root in water.,Drink before meals to reduce acid reflux.
Genital herpes,Neem (Azadirachta indica),Prepare a neem paste by crushing leaves and applying to the affected area.,Apply once daily to reduce symptoms.
Genital symptoms,Neem (Azadirachta indica),Prepare a neem water solution by boiling neem leaves.,Use the solution for washing the genital area to reduce infection and irritation.
Genital warts,Tea tree oil,Dilute tea tree oil with coconut oil and apply to the warts.,Apply daily until the warts disappear.
Germ cell tumours,Ashwagandha (Withania somnifera),Mix Ashwagandha powder with warm milk.,Consume daily to support overall immune health under medical supervision.
Glandular fever,Tulsi (Ocimum sanctum),Boil Tulsi leaves in water to make a tea.,Drink 2-3 times daily to boost immunity and reduce symptoms.
Golfers elbow,Turmeric (Curcuma longa),Mix turmeric powder with warm milk and a pinch of black pepper.,Drink daily to reduce pain and inflammation.
Gonorrhoea,Neem leaves (Azadirachta indica),Boil neem leaves in water and use as a wash for the affected area.,Use daily to reduce symptoms; also drink neem tea for added benefits.
Gout,Fenugreek seeds (Trigonella foenum-graecum),Soak fenugreek seeds overnight and consume them in the morning.,Take daily to reduce uric acid levels.
Greater trochanteric pain syndrome,Castor oil,Warm castor oil and gently massage the affected area.,Apply daily to relieve pain and inflammation.
Gum disease,Triphala powder,Mix Triphala powder with water and use it as a mouth rinse.,Rinse twice daily to reduce inflammation and improve gum health.
Haemorrhoids (piles),Aloe vera,Apply fresh Aloe vera gel to the affected area.,Use 2-3 times daily for soothing and healing effects.
"Hand, foot and mouth disease",Coconut oil,Apply virgin coconut oil to the affected areas.,Use multiple times daily to reduce irritation and promote healing.
Hay fever,Butterbur (Petasites hybridus),Take butterbur supplements or prepare tea from dried leaves.,Drink once daily to reduce allergic reactions.
Head and neck cancer,Wheatgrass (Triticum aestivum),Prepare wheatgrass juice by blending fresh wheatgrass.,Drink daily to boost immunity and detoxify the body.
Head lice and nits,Neem oil,Apply neem oil directly to the scalp and hair.,Leave for an hour and wash; repeat twice weekly until the lice are gone.
Headaches,Peppermint oil,Massage peppermint oil on the temples and forehead.,Use as needed for headache relief.
Hearing loss,Garlic oil,"Heat crushed garlic in olive oil, strain, and cool.",Use 2-3 drops in the ear daily to improve hearing and reduce infections.
Heart attack,Arjuna (Terminalia arjuna),Boil Arjuna bark powder in water to prepare a decoction.,Drink daily as a preventive measure to strengthen the heart.
Heart block,Garlic (Allium sativum),Consume 1-2 raw garlic cloves daily.,Use to improve heart health and blood circulation.
Heart failure,Hawthorn berry (Crataegus spp.),Prepare a tea from dried hawthorn berries.,Drink daily to support cardiovascular health.
Heart palpitations,Ashwagandha (Withania somnifera),Mix Ashwagandha powder with warm milk.,Drink once daily to calm the nervous system and regulate heartbeat.
Hepatitis A,Kalmegh (Andrographis paniculata),Prepare a decoction by boiling Kalmegh leaves in water.,Drink daily to support liver function and immunity.
Hepatitis B,Kutki (Picrorhiza kurroa),Mix Kutki powder with honey or water.,Take once daily to improve liver health.
Hepatitis C,Bhumyamalaki (Phyllanthus niruri),Boil Bhumyamalaki leaves in water to prepare a tea.,Drink twice daily to support liver detoxification.
Hiatus hernia,Licorice root (Glycyrrhiza glabra),Make a tea with licorice root.,Drink before meals to soothe the stomach and esophagus.
High blood pressure (hypertension),Hibiscus (Hibiscus sabdariffa),Prepare hibiscus tea by boiling the dried flowers in water.,Drink once daily to lower blood pressure.
High cholesterol,Fenugreek seeds (Trigonella foenum-graecum),Soak fenugreek seeds overnight and consume in the morning.,Use daily to help lower cholesterol levels.
HIV,Neem (Azadirachta indica),Boil neem leaves in water to make a tea.,Drink daily to boost immunity; use alongside prescribed medications.
Hives,Aloe vera,Apply fresh Aloe vera gel directly to the affected area.,Use multiple times daily to soothe the skin and reduce itching.
Hodgkin lymphoma,Tulsi (Ocimum sanctum),Make a tea by boiling Tulsi leaves in water.,Drink daily to strengthen immunity during treatment.
Hodgkin lymphoma: Children,Brahmi (Bacopa monnieri),Prepare a tea using Brahmi leaves or capsules.,Use regularly to support neurological health; consult an expert for dosage.
Hodgkin lymphoma: Teenagers and young adults,Turmeric (Curcuma longa),Mix turmeric powder with honey or milk.,Consume daily for its anti-inflammatory and antioxidant properties.
Huntington’s disease,Brahmi (Bacopa monnieri),Prepare Brahmi tea by steeping leaves in boiling water.,Drink daily to support cognitive health and reduce neurological symptoms.
Hydrocephalus,Brahmi (Bacopa monnieri),Make a tea by boiling Brahmi leaves or powder in water.,Drink daily to support brain health and function.
Hyperglycaemia (high blood sugar),Bitter gourd (Momordica charantia),Extract juice from fresh bitter gourd.,Consume on an empty stomach daily to regulate blood sugar levels.
Hyperhidrosis,Sage (Salvia officinalis),Prepare sage tea by steeping dried sage leaves in hot water.,Drink once daily to reduce excessive sweating.
Hypoglycaemia (low blood sugar),Indian gooseberry (Amla),Consume Amla juice mixed with a pinch of salt.,Take when experiencing low blood sugar to stabilize levels.
Idiopathic pulmonary fibrosis,Vasaka (Adhatoda vasica),Prepare a decoction by boiling Vasaka leaves in water.,Drink twice daily to support respiratory health.
If your child has cold or flu symptoms,Ginger (Zingiber officinale),"Boil grated ginger with water, add honey and lemon for taste.",Give small sips throughout the day to alleviate symptoms.
Impetigo,Turmeric (Curcuma longa),Make a paste with turmeric powder and water; apply to the affected area.,Apply twice daily to reduce infection and promote healing.
Indigestion,Ajwain (Carom seeds),Boil Ajwain seeds in water and add a pinch of black salt.,Drink after meals to improve digestion.
Ingrown toenail,Tea tree oil,Mix tea tree oil with coconut oil and apply to the affected area.,Apply twice daily to reduce inflammation and prevent infection.
Infertility,Ashwagandha (Withania somnifera),Mix Ashwagandha powder with warm milk.,Consume daily to improve reproductive health.
Inflammatory bowel disease (IBD),Aloe vera,Drink fresh Aloe vera juice daily.,Consume in the morning on an empty stomach to reduce gut inflammation.
Inherited heart conditions,Arjuna (Terminalia arjuna),Prepare a decoction by boiling Arjuna bark powder in water.,Drink daily to support heart health.
Insomnia,Chamomile (Matricaria chamomilla),Brew chamomile tea with dried flowers.,Drink before bedtime to promote relaxation and better sleep.
Iron deficiency anaemia,Spinach (Spinacia oleracea),Blend fresh spinach leaves into a juice or soup.,Consume daily to boost iron levels.
Irritable bowel syndrome (IBS),Peppermint oil,Take peppermint oil capsules or brew peppermint tea.,Use as needed to alleviate abdominal cramps and bloating.
Itching,Neem (Azadirachta indica),Make a paste with neem leaves and water; apply to the itchy area.,Apply twice daily to reduce itching and inflammation.
Itchy bottom,Turmeric (Curcuma longa),Prepare a paste with turmeric powder and coconut oil; apply externally.,Apply twice daily to reduce irritation.
Itchy skin,Aloe vera,Apply fresh Aloe vera gel directly to the affected skin.,Use multiple times daily to soothe and moisturize the skin.
Joint hypermobility,Ashwagandha (Withania somnifera),Mix Ashwagandha powder with warm milk or water.,Drink daily to improve joint stability and reduce pain.
Kaposi’s sarcoma,Turmeric (Curcuma longa),Mix turmeric powder with honey and consume daily.,Use as a supportive therapy for its anti-inflammatory properties.
Kidney cancer,Punarnava (Boerhavia diffusa),Prepare a decoction by boiling Punarnava leaves in water.,Drink daily under the supervision of an Ayurvedic practitioner.
Kidney infection,Cranberry juice,"Drink fresh, unsweetened cranberry juice.",Consume twice daily to prevent and treat kidney infections.
Kidney stones,Basil (Ocimum basilicum),Extract fresh basil juice and mix with honey.,Consume daily for six months to prevent stone formation.
Labyrinthitis,Ginger (Zingiber officinale),Boil grated ginger in water to make a tea.,Drink twice daily to reduce dizziness and nausea.
Lactose intolerance,Fennel seeds (Foeniculum vulgare),Boil fennel seeds in water to make a tea.,Drink after meals to aid digestion and reduce bloating.
Laryngeal (larynx) cancer,Tulsi (Ocimum sanctum),Make a tea with Tulsi leaves.,Drink daily to boost immunity and reduce inflammation.
Laryngitis,Honey and lemon,Mix honey with warm water and add lemon juice.,Sip throughout the day to soothe the throat.
Leg cramps,Banana (rich in potassium),Eat a ripe banana daily.,Consume regularly to prevent muscle cramps.
Lichen planus,Neem (Azadirachta indica),Prepare a neem paste by grinding leaves; apply to the affected area.,Apply daily to reduce inflammation and promote healing.
Lipoedema,Gotu Kola (Centella asiatica),Brew Gotu Kola tea with dried leaves.,Drink daily to improve circulation and reduce swelling.
Liver cancer,Kutki (Picrorhiza kurroa),Prepare a decoction with Kutki powder.,Drink daily to support liver health under medical supervision.
Liver disease,Bhumyamalaki (Phyllanthus niruri),Make a tea by boiling the leaves.,Drink daily to detoxify and support liver function.
Liver tumours,Turmeric (Curcuma longa),Mix turmeric powder with milk or honey.,Consume daily for its anti-inflammatory and anti-cancer properties.
Long-term effects of COVID-19,Ashwagandha (Withania somnifera),Mix 1 tsp Ashwagandha powder in hot water.,Drink daily to boost recovery under medical guidance.
Loss of libido,Shilajit,Dissolve a pea-sized amount of Shilajit in warm water.,Drink daily to enhance libido under supervision.
Low blood pressure (hypotension),Licorice root (Glycyrrhiza glabra),Boil 1 tsp of licorice root powder in water.,Drink daily to help regulate blood pressure under guidance.
Lumbar stenosis,Turmeric (Curcuma longa),Mix 1 tsp turmeric powder in warm milk.,Drink daily to reduce inflammation and pain under supervision.
Lung cancer,Tulsi (Holy basil),Boil a few fresh Tulsi leaves in water.,Drink daily to support lung health under medical supervision.
Lupus,Flaxseed (Linum usitatissimum),Mix 1 tsp ground flaxseed in water.,Drink daily to reduce inflammation under guidance.
Lyme disease,Cat's Claw (Uncaria tomentosa),Boil 1 tsp Cat's Claw bark in water.,Drink daily to support immune function under medical supervision.
Lymphoedema,Ginger (Zingiber officinale),Boil 1 tsp grated ginger in water.,Drink daily to reduce swelling and improve circulation under guidance.
Lymphogranuloma venereum (LGV),Echinacea (Echinacea purpurea),Prepare a tea with 1 tsp dried Echinacea root in hot water.,Drink daily to support immune health under medical supervision.
Malaria,Neem (Azadirachta indica),Boil 1 tsp dried neem leaves in water.,Drink once daily to help manage symptoms under medical supervision.
Malignant brain tumour (cancerous),Turmeric (Curcuma longa),Mix 1 tsp turmeric powder in warm milk.,Drink daily to support overall health under medical guidance.
Malnutrition,Moringa (Moringa oleifera),Mix 1 tsp moringa powder in water or juice.,Drink daily to boost nutrient intake under supervision.
Managing genital symptoms,Aloe Vera,Apply fresh aloe vera gel directly to the affected area.,Use as needed to soothe irritation under medical guidance.
Measles,Papaya leaves,Crush fresh papaya leaves and extract the juice.,Drink 1-2 tsp daily to help with symptoms under supervision.
Meningitis,Holy Basil (Tulsi),Boil a few fresh Tulsi leaves in water.,Drink daily to support the immune system.
Meniere’s disease,Ginger,Brew ginger tea by boiling a few slices of fresh ginger in water.,Drink daily to help with dizziness and nausea.
Menopause,Sage,Steep 1-2 tsp dried sage leaves in hot water.,Drink daily to help manage hot flashes and night sweats.
Mesothelioma,Turmeric,Mix 1 tsp turmeric powder in warm water or milk.,Drink daily to support overall health.
Middle ear infection (otitis media),Garlic,Crush 1-2 garlic cloves and infuse in olive oil,Place a few drops in the affected ear for relief.
Migraine,Lavender,Inhale steam from boiling lavender flowers or apply diluted lavender oil to the temples.,Use during a migraine episode for relief.
Minor head injury,Arnica,Apply Arnica gel or cream to the affected area.,Use 2-3 times a day to reduce swelling and bruising.
Miscarriage,Raspberry leaf,Steep 1 tsp dried raspberry leaves in hot water.,Drink to support uterine health after a miscarriage under supervision.
Motor neurone disease (MND),Turmeric,Mix 1 tsp turmeric powder in warm water or milk.,Drink daily to support nerve health and reduce inflammation.
Mouth cancer,Aloe Vera,Apply fresh aloe vera gel directly to the affected area.,Use to soothe the mouth sores and support healing under supervision.
Mouth ulcer,Honey,Apply a small amount of raw honey directly to the ulcer.,Use 2-3 times a day to promote healing and reduce pain.
Multiple myeloma,Ashwagandha,Mix 1 tsp Ashwagandha powder in warm water or milk.,Drink daily to support immune function and reduce stress under supervision.
Multiple sclerosis (MS),Ginkgo biloba,ake 120 mg of Ginkgo biloba extract daily.,Helps improve circulation and cognitive function.
Multiple system atrophy (MSA),Gotu kola,Steep 1 tsp dried Gotu kola leaves in hot water.,Drink daily to improve circulation and nerve health.
Mumps,Lemon balm,Steep 1-2 tsp dried lemon balm leaves in hot water.,Drink daily to help reduce fever and promote relaxation.
Munchausen’s syndrome,Lavender,Inhale steam from boiling lavender flowers or use diluted lavender oil for relaxation.,Helps with stress reduction and relaxation under supervision.
Muscular dystrophy,Fish oil (Omega-3 fatty acids),Take 1-2 tsp of fish oil daily.,Helps reduce inflammation and support muscle function.
Myalgic encephalomyelitis (ME) or chronic fatigue syndrome (CFS),Rhodiola,Take 200-300 mg Rhodiola extract daily.,Helps with fatigue and improves energy levels under medical guidance.
Myasthenia gravis,Ginseng,Brew 1-2 tsp of ginseng root in hot water.,Drink daily to help improve strength and energy levels.
Nasal and sinus cancer,Turmeric,Mix 1 tsp turmeric powder in warm water or milk.,Drink daily to support overall health and reduce inflammation.
Nasopharyngeal cancer,Green tea,Steep 1-2 tsp of green tea leaves in hot water.,Drink 1-2 cups daily to support immune function.
Neck problems,Ginger,Brew ginger tea by boiling fresh ginger slices in water.,Drink daily to reduce inflammation and improve circulation.
Neuroblastoma: Children,Ashwagandha,Mix 1/4 tsp Ashwagandha powder in warm water or milk.,Give under medical supervision to help with immune support and overall vitality.
Neuroendocrine tumours,Aloe Vera,Drink fresh aloe vera juice or apply gel to affected areas.,Helps to support the immune system and promote healing.
Non-alcoholic fatty liver disease (NAFLD),Dandelion,Steep 1 tsp dried dandelion root in hot water.,Drink daily to support liver detoxification and health.
Non-Hodgkin lymphoma,Echinacea,Steep 1-2 tsp of dried Echinacea flowers in hot water.,Drink daily to help strengthen the immune system.
Non-Hodgkin lymphoma: Children,Elderberry,Make a syrup from elderberries or steep them in hot water.,Drink under medical supervision to support immune function.
Norovirus,Ginger,Brew fresh ginger slices in hot water.,Drink to relieve nausea and aid digestion.
Nosebleed,Aloe Vera,Apply fresh aloe vera gel to the nostrils.,Helps soothe and stop the bleeding by promoting healing.
Obesity,Green tea,Steep 1-2 tsp of green tea leaves in hot water.,Drink daily to help with metabolism and fat reduction.
Obsessive compulsive disorder (OCD),Lavender,Inhale steam from boiling lavender flowers or use diluted lavender oil.,Helps reduce anxiety and promote relaxation.
Obstructive sleep apnoea,Valerian root,Steep 1-2 tsp dried valerian root in hot water.,Drink before bed to improve sleep quality and reduce symptoms.
Oesophageal cancer,Aloe Vera,Drink fresh aloe vera juice.,Drink daily to soothe the digestive tract and support overall health.
Oral thrush in adults,Coconut oil,Swish 1-2 tbsp coconut oil in the mouth for 10-15 minutes (oil pulling).,Do this once or twice daily to help reduce fungal overgrowth.
Osteoarthritis,Turmeric,Mix 1 tsp turmeric powder in warm milk or water.,Drink daily to reduce inflammation and support joint health.
Osteoarthritis of the hip,Ginger,Brew ginger tea by boiling fresh ginger slices in water.,Drink daily to reduce joint inflammation and pain.
Osteoarthritis of the knee,Epsom salt,Add 1-2 cups of Epsom salt to warm bath water.,Soak the affected knee for 20 minutes to reduce pain and swelling.
Osteoarthritis of the thumb,Olive oil,Massage warm olive oil gently into the affected area.,Apply 2-3 times a day to reduce pain and stiffness.
Osteoporosis,Moringa,Mix 1 tsp moringa powder in water or juice.,Drink daily to support bone health and improve calcium absorption.
Osteosarcoma,Turmeric,Mix 1 tsp turmeric powder in warm milk or water.,Drink daily to support overall health and reduce inflammation under supervision.
Outer ear infection (otitis externa),Garlic oil,Warm garlic oil and place a few drops in the affected ear.,Use 2-3 times a day for relief.
Ovarian cancer,Green tea,Steep 1-2 tsp of green tea leaves in hot water.,Drink 1-2 cups daily to support immune function.
Ovarian cancer: Teenagers and young adults,Flaxseed,Add 1 tbsp ground flaxseed to smoothies or salads.,Consume daily to support hormone balance under medical supervision.
Ovarian cyst,Chamomile,Steep 1-2 tsp dried chamomile flowers in hot water.,Drink 1-2 cups daily to help reduce inflammation.
Overactive thyroid,Lemon balm,Steep 1 tsp dried lemon balm leaves in hot water.,Drink daily to help reduce thyroid hormone levels under guidance.
Pain in the ball of the foot,Epsom salt,Soak feet in warm water with 1-2 cups of Epsom salt.,Soak for 15-20 minutes to relieve pain and reduce inflammation.
Paget’s disease of the nipple,Coconut oil,Apply a small amount of coconut oil to the affected area.,Use twice daily to soothe and hydrate the skin.
Pancreatic cancer,Ginger,Brew ginger tea by boiling fresh ginger slices in water.,Drink daily to help with nausea and support digestion under medical supervision.
Panic disorder,Ashwagandha,Mix 1 tsp Ashwagandha powder in warm water or milk.,Drink daily to reduce stress and anxiety.
Parkinson’s disease,Ginkgo biloba,Take 120 mg of Ginkgo biloba extract daily.,Helps improve circulation and cognitive function.
Patau’s syndrome,Folic acid,"Include folate-rich foods like spinach, beans, and citrus fruits in the diet.","Supports general health during pregnancy, but not a treatment for the syndrome itself."
Patellofemoral pain syndrome,Turmeric,Mix 1 tsp turmeric powder in warm water or milk.,Drink daily to reduce inflammation and pain in the knee.
Pelvic inflammatory disease,Garlic,Crush 1-2 garlic cloves and mix with honey.,Consume daily to help with infection and support immune health.
Pelvic organ prolapse,Kegel exercises,Perform pelvic floor exercises regularly.,Helps strengthen pelvic muscles and improve support for pelvic organs.
Penile cancer,Aloe Vera,Apply fresh aloe vera gel to affected areas.,Use to soothe and promote healing under medical supervision.
Peripheral neuropathy,St. John’s Wort,Take 1-2 tsp of St. John’s Wort extract daily.,Helps improve nerve health and reduce pain.
Personality disorder,Lavender,Inhale steam from boiling lavender flowers or apply diluted lavender oil.,"Helps reduce stress, anxiety, and promote relaxation."
PIMS,Elderberry,Make a syrup or tea from elderberries.,Helps support immune function under medical supervision.
Plantar heel pain,Epsom salt,Soak feet in warm water with 1-2 cups of Epsom salt.,Soak for 15-20 minutes to relieve pain and reduce inflammation.
Pleurisy,"Vasaka (Adhatoda vasica), Tulsi (Holy Basil)",Prepare a decoction by boiling Vasaka and Tulsi leaves in water. Add honey if needed.,Drink warm twice daily to reduce inflammation and ease breathing.
Pneumonia,"Ginger, Turmeric, Tulsi","Make a tea by boiling ginger, turmeric, and Tulsi leaves in water.",Consume 2-3 times daily for anti-inflammatory and immune-boosting effects.
Polio,"Ashwagandha, Shatavari, Brahmi",Prepare a herbal decoction by boiling these herbs together or take as powder mixed in warm milk.,Take once daily to improve muscle strength and immunity.
Polycystic ovary syndrome (PCOS),"Shatavari, Ashoka, Cinnamon",Mix Shatavari powder in warm milk. Boil Ashoka bark in water to make a decoction.,Drink Shatavari milk at night and Ashoka decoction twice daily to regulate hormones.
Polymyalgia rheumatica,"Turmeric, Ginger, Guggulu",Mix turmeric and ginger powder in warm water or milk. Use Guggulu tablets or decoction.,Consume daily for reducing joint pain and inflammation.
Post-concussion syndrome,"Brahmi, Ashwagandha",Boil Brahmi leaves to make tea or take capsules. Mix Ashwagandha powder in milk.,Take Brahmi tea in the morning and Ashwagandha milk at night to support brain function.
Post-polio syndrome,"Ashwagandha, Shatavari",Prepare Ashwagandha milk or mix Shatavari powder in warm water.,Use daily to improve energy levels and strengthen muscles.
Post-traumatic stress disorder (PTSD),"Brahmi, Jatamansi, Ashwagandha",Prepare a tea using Brahmi and Jatamansi powder. Take Ashwagandha powder with milk.,Consume twice daily to calm the mind and reduce stress.
Postural orthostatic tachycardia syndrome (PoTS),"Arjuna, Brahmi",Prepare Arjuna bark tea by boiling the bark in water. Take Brahmi capsules or tea.,Take Arjuna tea twice daily to support heart health; Brahmi for nervous system balance.
Postnatal depression,"Shatavari, Ashwagandha",Mix Shatavari powder in milk. Take Ashwagandha with warm water.,Consume once or twice daily to support hormonal balance and reduce stress.
Pregnancy and baby,"Shatavari, Almond oil, Ajwain",Boil Shatavari in milk; use almond oil for massage; make Ajwain water by boiling seeds in water.,"Drink Shatavari milk daily, use almond oil for baby massage, and Ajwain water for digestion."
Pressure ulcers,"Neem oil, Turmeric",Apply Neem oil directly on the ulcer. Make a paste of turmeric and water to apply externally.,Use Neem oil twice daily and apply turmeric paste on the affected area.
Progressive supranuclear palsy (PSP),"Brahmi, Ashwagandha",Make Brahmi tea or use capsules. Mix Ashwagandha powder with milk.,Take Brahmi tea in the morning and Ashwagandha milk at night to support brain health.
Prostate cancer,"Gokshura, Turmeric",Make Gokshura decoction by boiling in water. Use turmeric in meals or with warm milk.,Drink Gokshura decoction daily and turmeric milk at night for anti-inflammatory benefits.
Psoriasis,"Neem, Aloe Vera, Turmeric",Apply Neem oil or Aloe Vera gel directly on the skin. Mix turmeric powder with coconut oil.,Use Neem or Aloe Vera gel twice daily and apply turmeric paste to affected areas.
Psoriatic arthritis,"Guggulu, Ashwagandha, Turmeric",Prepare Guggulu decoction or use tablets. Mix Ashwagandha powder in milk and use turmeric in meals.,"Take Guggulu twice daily, Ashwagandha at night, and use turmeric daily for anti-inflammatory effects."
Psychosis,"Brahmi, Jatamansi, Ashwagandha",Prepare Brahmi tea. Use Jatamansi capsules or powder. Mix Ashwagandha with milk.,Take Brahmi and Jatamansi in the morning and Ashwagandha at night to calm the mind.
Pubic lice,"Neem oil, Turmeric",Apply Neem oil directly. Make a paste of turmeric and water.,Use Neem oil twice daily and apply turmeric paste until the condition improves.
Pulmonary hypertension,"Arjuna, Tulsi, Ginger",Make Arjuna bark tea. Prepare a Tulsi and ginger tea.,Drink Arjuna tea in the morning and Tulsi-ginger tea twice daily to support respiratory health.
Phobias,"Brahmi, Jatamansi, Ashwagandha",Prepare a tea using Brahmi and Jatamansi powder. Mix Ashwagandha powder in milk.,Consume twice daily to calm the nervous system and reduce fear and anxiety.
Rare tumours,"Ashwagandha, Turmeric, Neem",Prepare a decoction of Ashwagandha root and Neem leaves. Add turmeric to meals or milk.,Consume Ashwagandha and Neem decoction twice daily and turmeric milk once daily.
Raynaud’s phenomenon,"Ginger, Turmeric, Black Pepper",Boil ginger and turmeric in water to make tea. Add black pepper for enhanced absorption.,Drink warm tea 2-3 times daily to improve circulation and reduce symptoms.
Reactive arthritis,"Guggulu, Turmeric, Ashwagandha",Prepare Guggulu decoction. Mix turmeric in milk and take Ashwagandha powder with warm water.,Use Guggulu and turmeric daily; take Ashwagandha at night for joint and immune support.
Restless legs syndrome,"Ashwagandha, Brahmi, Jatamansi",Make Brahmi tea or capsules. Prepare a mixture of Jatamansi and Ashwagandha powder in milk.,Take Brahmi tea in the evening and Ashwagandha-Jatamansi milk at night for relaxation.
Respiratory syncytial virus (RSV),"Tulsi, Ginger, Honey","Make a tea using Tulsi leaves and ginger, and sweeten with honey.",Drink 2-3 times daily to support respiratory health and ease congestion.
Retinoblastoma: Children,"Neem, Turmeric",Use Neem extract in small amounts or apply Neem oil for external cleansing. Add turmeric to meals.,Neem can be applied externally; turmeric supports immunity when used in the diet.
Rhabdomyosarcoma,"Ashwagandha, Turmeric, Amla",Prepare Ashwagandha milk or capsules. Use turmeric in meals and Amla juice or powder in water.,Consume daily to boost immunity and support the body during treatment.
Rheumatoid arthritis,"Guggulu, Turmeric, Ginger",Prepare Guggulu decoction. Mix turmeric and ginger in warm water.,Take Guggulu twice daily and turmeric-ginger water daily to reduce inflammation.
Ringworm and other fungal infections,"Neem, Turmeric, Aloe Vera",Apply Neem oil or turmeric paste directly on the affected area. Use Aloe Vera gel for soothing.,Apply Neem or turmeric twice daily and Aloe Vera as needed for relief.
Rosacea,"Neem, Aloe Vera",Apply Neem oil or Aloe Vera gel to the affected area.,Use twice daily for anti-inflammatory and cooling effects.
Scabies,"Neem, Turmeric, Tulsi",Apply Neem oil or turmeric paste. Prepare a Tulsi decoction for skin wash.,Use Neem or turmeric twice daily; bathe with Tulsi water once daily.
Scarlet fever,"Turmeric, Tulsi, Honey",Prepare a tea with Tulsi leaves and turmeric. Add honey to sweeten.,Consume 2-3 times daily to boost immunity and soothe throat irritation.
Schizophrenia,"Brahmi, Jatamansi, Ashwagandha",Prepare a tea with Brahmi and Jatamansi powder. Mix Ashwagandha powder in milk.,Take Brahmi-Jatamansi tea in the morning and Ashwagandha milk at night for calming effects.
Sciatica,"Guggulu, Ashwagandha, Ginger",Prepare Guggulu decoction. Take Ashwagandha powder with milk and boil ginger in water for tea.,"Use Guggulu twice daily, Ashwagandha at night, and ginger tea as needed for pain relief."
Seasonal affective disorder (SAD),"Brahmi, Ashwagandha, Turmeric",Make Brahmi tea or capsules. Mix Ashwagandha powder in milk and use turmeric in meals.,"Take Brahmi in the morning, Ashwagandha at night, and turmeric daily for mood support."
Sepsis,"Tulsi, Turmeric, Ginger","Make a decoction using Tulsi leaves, turmeric, and ginger.",Drink 2-3 times daily to boost immunity and fight infection.
Septic shock,"Tulsi, Turmeric",Prepare Tulsi and turmeric tea.,Consume twice daily as an adjunct to medical treatment to support immunity.
Severe head injury,"Brahmi, Jatamansi, Ashwagandha",Prepare Brahmi tea or capsules. Mix Jatamansi and Ashwagandha powders in milk.,Take Brahmi in the morning and Jatamansi-Ashwagandha at night for brain health and recovery.
Shingles,"Neem, Aloe Vera, Turmeric",Apply Neem oil or Aloe Vera gel directly. Make a paste of turmeric with water.,Use Neem or Aloe Vera twice daily and apply turmeric paste to soothe the skin.
Shortness of breath,"Tulsi, Ginger, Honey","Make a tea with Tulsi leaves and ginger, adding honey for sweetness.",Consume 2-3 times daily to ease breathing and improve lung function.
Sickle cell disease,"Ashwagandha, Amla, Turmeric",Prepare Ashwagandha milk or capsules. Take Amla juice and use turmeric in meals.,Consume daily to boost immunity and improve blood health.
Sinusitis,"Ginger, Turmeric, Tulsi","Boil ginger, turmeric, and Tulsi leaves in water to make tea.",Drink twice daily to relieve congestion and reduce inflammation.
Sjogren’s syndrome,"Ashwagandha, Shatavari, Tulsi",Prepare Shatavari milk and Tulsi tea. Take Ashwagandha powder with warm water.,"Consume Shatavari milk at night, Tulsi tea twice daily, and Ashwagandha for immune balance."
Skin cancer (melanoma),"Neem, Turmeric, Ashwagandha",Apply Neem oil topically. Mix turmeric in milk. Take Ashwagandha capsules or decoction.,"Use Neem oil daily, consume turmeric milk, and take Ashwagandha to support immunity."
Skin cancer (non-melanoma),"Neem, Turmeric, Tulsi",Apply Neem oil or turmeric paste to affected areas. Prepare Tulsi tea.,Use Neem or turmeric topically and drink Tulsi tea daily to boost immunity.
Skin light sensitivity (photosensitivity),"Aloe Vera, Neem, Turmeric",Apply Aloe Vera gel and Neem oil to exposed skin. Use turmeric in meals.,Use Aloe Vera and Neem twice daily and turmeric to reduce inflammation and sensitivity.
Skin rashes in children,"Neem, Aloe Vera, Turmeric",Apply Aloe Vera gel and Neem oil directly. Use turmeric paste for severe rashes.,Use Neem or Aloe Vera twice daily and turmeric paste as needed for soothing effects.
Slapped cheek syndrome,"Neem, Aloe Vera, Turmeric",Apply Aloe Vera gel to soothe skin. Use Neem oil topically or turmeric paste for rashes.,Apply Neem or Aloe Vera twice daily to reduce redness and inflammation.
Soft tissue sarcomas,"Ashwagandha, Turmeric, Amla",Prepare Ashwagandha milk or capsules. Use turmeric in meals and Amla juice daily.,Consume daily to boost immunity and manage inflammation.
Soft tissue sarcomas: Teenagers and young adults,"Ashwagandha, Turmeric, Neem",Mix Ashwagandha in milk. Use turmeric in meals and apply Neem oil externally if needed.,Consume daily for immunity support and apply Neem for inflammation or skin lesions.
Sore throat,"Tulsi, Ginger, Honey",Make a tea with Tulsi leaves and ginger. Add honey for soothing.,Gargle and drink 2-3 times daily to ease irritation.
Spina bifida,"Shatavari, Amla",Prepare Shatavari milk and consume Amla juice.,Take once daily for nutritional support during recovery.
Spleen problems and spleen removal,"Punarnava, Giloy, Amla",Boil Punarnava and Giloy in water to make tea. Consume Amla juice daily.,Drink tea twice daily and use Amla for immunity and spleen health.
Stillbirth,"Ashwagandha, Shatavari",Mix Ashwagandha and Shatavari powders in milk.,Consume twice daily for hormonal balance and stress relief.
Stomach ache and abdominal pain,"Ajwain, Ginger, Fennel","Boil Ajwain seeds, ginger, and fennel in water to make a tea.",Drink warm tea as needed for digestion and pain relief.
Stomach cancer,"Turmeric, Neem, Amla","Use turmeric in meals, Neem oil topically if needed, and Amla juice daily.",Consume daily for immune support and inflammation management.
Stomach ulcer,"Licorice (Mulethi), Aloe Vera, Honey",Boil licorice in water to make a decoction. Consume Aloe Vera juice with honey.,Drink twice daily to soothe ulcers and support healing.
Streptococcus A (strep A),"Tulsi, Ginger, Turmeric","Prepare a tea using Tulsi leaves, ginger, and turmeric.",Drink 2-3 times daily to reduce throat infection and inflammation.
"Stress, anxiety and low mood","Brahmi, Ashwagandha, Jatamansi",Prepare Brahmi tea or capsules. Mix Ashwagandha powder in milk and Jatamansi in warm water.,Take Brahmi in the morning and Ashwagandha-Jatamansi at night for calming effects.
Stroke,"Brahmi, Ashwagandha, Amla",Make Brahmi tea. Consume Ashwagandha with milk and Amla juice daily.,Use Brahmi for brain support and Ashwagandha for recovery.
Subacromial pain syndrome,"Guggulu, Turmeric, Ginger",Mix Guggulu in warm water. Prepare turmeric and ginger tea.,Consume twice daily for joint pain relief and inflammation management.
Sudden infant death syndrome (SIDS),"Shatavari, Tulsi",Use Tulsi tea for the mother during lactation. Shatavari supports hormonal balance.,Consume twice daily to boost immunity and stress relief.
Suicide,"Brahmi, Jatamansi, Ashwagandha",Prepare Brahmi tea. Mix Jatamansi and Ashwagandha in milk.,Consume daily to calm the nervous system and improve emotional well-being.
Sunburn,"Aloe Vera, Neem, Turmeric",Apply Aloe Vera gel or Neem oil to affected areas. Use turmeric paste for redness.,Apply twice daily for soothing and anti-inflammatory effects.
Supraventricular tachycardia,"Arjuna, Brahmi, Tulsi",Boil Arjuna bark and Brahmi leaves to make tea. Add Tulsi leaves for flavor.,Consume twice daily to support heart health and manage palpitations.
Swollen glands,"Neem, Tulsi, Ginger","Make a decoction using Neem leaves, Tulsi, and ginger.",Gargle and drink twice daily to reduce swelling and ease discomfort.
Syphilis,"Neem, Turmeric, Tulsi",Apply Neem oil topically. Use turmeric in meals and Tulsi tea daily.,Use Neem for external application and consume turmeric-Tulsi for immunity.
Self-harm,"Brahmi, Ashwagandha, Jatamansi",Make Brahmi tea and mix Ashwagandha with milk. Take Jatamansi powder with warm water.,Use daily to calm the mind and reduce stress or emotional imbalance.
Tennis elbow,"Guggulu, Turmeric, Ginger",Prepare a Guggulu decoction and mix turmeric-ginger in warm water.,Use Guggulu twice daily and turmeric-ginger water for pain relief.
Testicular cancer,"Ashwagandha, Turmeric, Amla",Mix Ashwagandha powder in milk. Use turmeric in meals and consume Amla juice daily.,Use daily to boost immunity and reduce inflammation.
Testicular cancer: Teenagers and young adults,"Ashwagandha, Neem, Turmeric",Prepare Ashwagandha milk or Neem decoction. Add turmeric to meals.,Use Neem externally and Ashwagandha internally for supportive care.
Testicular lumps and swellings,"Neem, Turmeric, Guggulu",Apply Neem oil or turmeric paste externally. Use Guggulu decoction for internal care.,Apply Neem or turmeric twice daily and consume Guggulu for swelling relief.
Thirst,"Amla, Coriander, Fennel","Prepare a drink with Amla juice, coriander seeds, and fennel water.",Consume as needed to reduce excessive thirst and hydrate naturally.
Threadworms,"Neem, Garlic, Turmeric",Mix Neem powder in water. Use crushed garlic with honey and turmeric in meals.,Take Neem daily and garlic-turmeric as needed for deworming.
Thrush,"Neem, Aloe Vera, Turmeric",Apply Aloe Vera gel or Neem paste topically. Use turmeric in meals.,Use Aloe Vera or Neem twice daily and turmeric for antifungal support.
Thyroid cancer,"Ashwagandha, Guggulu, Turmeric",Prepare Ashwagandha milk. Take Guggulu decoction and turmeric in meals.,Use daily to regulate metabolism and reduce inflammation.
Thyroid cancer: Teenagers and young adults,"Ashwagandha, Shatavari, Amla",Mix Ashwagandha powder in milk. Prepare Shatavari drink and take Amla juice.,Use daily for immune and hormonal balance.
Tick bites,"Neem, Turmeric, Aloe Vera",Apply Neem oil or turmeric paste to the bite area. Use Aloe Vera for soothing.,Use twice daily to reduce itching and prevent infection.
Tinnitus,"Brahmi, Ashwagandha, Tulsi",Prepare Brahmi tea. Mix Ashwagandha in milk and Tulsi leaves in water for tea.,Take Brahmi and Tulsi tea daily for ear health and nervous system support.
Tonsillitis,"Tulsi, Ginger, Honey","Make a tea using Tulsi leaves and ginger, adding honey for soothing.",Gargle and drink 2-3 times daily for throat relief and to reduce inflammation.
Tooth decay,"Neem, Clove oil, Turmeric",Apply Neem paste or clove oil to the affected area. Use turmeric paste for swelling.,Use twice daily to reduce decay and pain.
Toothache,"Clove, Peppermint oil, Ginger",Apply clove or peppermint oil directly. Chew ginger root or make tea.,Use as needed for pain relief and antibacterial action.
Tourette’s syndrome,"Brahmi, Ashwagandha, Jatamansi",Prepare Brahmi tea or capsules. Mix Ashwagandha and Jatamansi in milk.,Use daily for nervous system support and calming effects.
Transient ischaemic attack (TIA),"Arjuna, Brahmi, Garlic",Make Arjuna bark tea. Use Brahmi tea and consume raw garlic daily.,Take twice daily to support cardiovascular health and circulation.
Transverse myelitis,"Ashwagandha, Turmeric, Giloy",Mix Ashwagandha powder in milk. Prepare Giloy tea and turmeric in meals.,Use daily to reduce inflammation and boost recovery.
Trichomonas infection,"Neem, Garlic, Aloe Vera",Apply Neem paste or Aloe Vera gel externally. Consume garlic cloves daily.,Use Neem/Aloe externally and garlic internally for antifungal and antibacterial effects.
Trigeminal neuralgia,"Turmeric, Ginger, Ashwagandha",Make turmeric and ginger tea. Mix Ashwagandha powder in milk.,Use twice daily for pain relief and anti-inflammatory effects.
Tuberculosis (TB),"Amla, Tulsi, Garlic","Consume Amla juice, Tulsi tea, and raw garlic daily.",Use daily to strengthen immunity and reduce infection severity.
Type 1 diabetes,"Bitter Gourd, Neem, Fenugreek",Prepare bitter gourd juice. Use Neem tea and fenugreek seed water.,Consume daily to regulate blood sugar levels.
Type 2 diabetes,"Bitter Gourd, Jamun, Cinnamon",Prepare bitter gourd juice and Jamun seed powder. Use cinnamon tea daily.,Use daily to manage sugar levels and improve metabolism.
Ulcerative colitis,"Aloe Vera, Licorice, Turmeric",Consume Aloe Vera juice. Prepare licorice tea and turmeric in meals.,Use daily to soothe the gut and reduce inflammation.
Underactive thyroid,"Ashwagandha, Guggulu, Kanchanar",Mix Ashwagandha in milk. Prepare Guggulu and Kanchanar decoction.,Use daily to support thyroid function.
Urinary incontinence,"Punarnava, Gokshura, Coriander",Boil Punarnava and Gokshura in water for tea. Add coriander seeds to water for infusion.,Drink twice daily to strengthen bladder function.
Urinary incontinence in women,"Shatavari, Punarnava, Amla",Prepare Shatavari milk and Punarnava tea. Use Amla juice daily.,Use daily for hormonal and urinary health.
Urinary tract infection (UTI),"Cranberry, Coriander, Tulsi",Drink cranberry juice and coriander seed water. Prepare Tulsi tea.,Consume twice daily to reduce infection and inflammation.
Urinary tract infection (UTI) in children,"Coriander, Tulsi, Honey",Prepare coriander water and Tulsi tea with honey for taste.,Use twice daily for infection relief.
Urticaria (hives),"Neem, Aloe Vera, Turmeric",Apply Neem paste or Aloe Vera gel to rashes. Use turmeric in meals.,Apply Neem or Aloe twice daily to soothe itching and redness.
Vaginal cancer,"Ashwagandha, Turmeric, Shatavari",Mix Ashwagandha in milk. Use turmeric in meals and Shatavari tea daily.,Use daily for immune support and hormonal balance.
Vaginal discharge,"Neem, Coriander, Amla",Prepare Neem tea and coriander water. Drink Amla juice daily.,Use daily to maintain vaginal health and prevent infections.
Varicose eczema,"Neem, Turmeric, Aloe Vera",Apply Neem oil or turmeric paste to affected areas. Use Aloe Vera gel for soothing.,Apply twice daily for relief from itching and inflammation.
Varicose veins,"Guggulu, Ashwagandha, Ginger",Prepare Guggulu decoction. Mix Ashwagandha in milk and ginger tea.,Use daily to improve circulation and reduce inflammation.
Venous leg ulcer,"Neem, Turmeric, Aloe Vera",Apply Neem paste or turmeric paste to ulcers. Use Aloe Vera gel for soothing.,Apply twice daily for wound healing and infection prevention.
Vertigo,"Brahmi, Ginger, Tulsi",Prepare Brahmi tea and ginger-Tulsi tea.,Use daily to improve balance and reduce dizziness.
Vitamin B12 or folate deficiency anaemia,"Amla, Beetroot, Spinach","Consume Amla juice, beetroot juice, and spinach soup daily.",Use daily to boost energy and support red blood cell production.
Vomiting in adults,"Ginger, Coriander, Fennel",Boil ginger and fennel in water. Add coriander seeds for infusion.,Drink as needed to settle the stomach.
Vomiting in children and babies,"Ginger, Mint, Honey",Prepare ginger-mint tea with honey for taste.,Use as needed in small amounts to soothe nausea.
Vulval cancer,"Neem, Ashwagandha, Shatavari",Mix Neem powder in water for washing. Prepare Ashwagandha and Shatavari milk.,Use Neem externally and Ashwagandha internally for immune and hormonal support.
Warts and verrucas,"Neem, Garlic, Turmeric",Apply Neem oil or garlic paste directly. Use turmeric paste for swelling.,Apply twice daily for antiviral effects and to reduce growths.
Whiplash,"Turmeric, Ginger, Guggulu",Prepare turmeric and ginger tea. Use Guggulu decoction daily.,Use twice daily to reduce pain and inflammation.
Whooping cough,"Tulsi, Ginger, Honey",Make a tea using Tulsi leaves and ginger. Add honey for soothing.,Use 3-4 times daily for cough relief.
Wilms’ tumour,"Ashwagandha, Turmeric, Amla",Mix Ashwagandha in milk. Use turmeric in meals and Amla juice daily.,Use daily for immune support during treatment.
Wolff-Parkinson-White syndrome,"Arjuna, Brahmi, Tulsi",Prepare Arjuna bark tea. Use Brahmi and Tulsi tea daily.,Use daily for heart health and to manage symptoms.
Womb (uterus) cancer,"Ashwagandha, Shatavari, Turmeric",Mix Ashwagandha in milk. Prepare Shatavari tea and add turmeric to meals.,Use daily to boost immunity and hormonal balance.
Yellow fever,"Neem, Tulsi, Amla",Prepare Neem tea and Tulsi-Amla juice blend.,Use daily to reduce fever symptoms and boost immunity.
Zika virus,"Neem, Tulsi, Giloy",Boil Neem and Tulsi leaves with Giloy stem for tea.,Drink twice daily to reduce symptoms and enhance immune defense.
